{"frames":[
{"filename":"btn_home","frame":{"x":699,"y":1,"w":174,"h":174}},
{"filename":"btn_home_pressed","frame":{"x":1,"y":335,"w":174,"h":174}},
{"filename":"btn_lamp_off","frame":{"x":176,"y":335,"w":174,"h":174}},
{"filename":"btn_lamp_off_pressed","frame":{"x":351,"y":335,"w":174,"h":174}},
{"filename":"btn_lamp_on","frame":{"x":526,"y":335,"w":174,"h":174}},
{"filename":"btn_lamp_on_pressed","frame":{"x":707,"y":176,"w":174,"h":174}},
{"filename":"btn_moregames","frame":{"x":1,"y":510,"w":174,"h":174}},
{"filename":"btn_moregames_pressed","frame":{"x":176,"y":510,"w":174,"h":174}},
{"filename":"btn_scores","frame":{"x":1,"y":1,"w":348,"h":174}},
{"filename":"btn_scores_pressed","frame":{"x":350,"y":1,"w":348,"h":174}},
{"filename":"btn_small_play","frame":{"x":351,"y":510,"w":174,"h":174}},
{"filename":"btn_small_play_pressed","frame":{"x":526,"y":510,"w":174,"h":174}},
{"filename":"btn_sound_off","frame":{"x":701,"y":351,"w":174,"h":174}},
{"filename":"btn_sound_off_pressed","frame":{"x":1,"y":685,"w":174,"h":174}},
{"filename":"btn_sound_on","frame":{"x":176,"y":685,"w":174,"h":174}},
{"filename":"btn_sound_on_pressed","frame":{"x":351,"y":685,"w":174,"h":174}},
{"filename":"curtain","frame":{"x":701,"y":526,"w":64,"h":96}},
{"filename":"btn_big_play","frame":{"x":1,"y":176,"w":352,"h":158}},
{"filename":"btn_big_play_pressed","frame":{"x":354,"y":176,"w":352,"h":158}}]}